{
  "image_width": 640,
  "image_height": 480,
  "reprojection_error": 0.13609845908187987,
  "camera_matrix": [
    [
      901.0975515592089,
      0.0,
      397.091574027206
    ],
    [
      0.0,
      907.1395497930358,
      272.4957731593902
    ],
    [
      0.0,
      0.0,
      1.0
    ]
  ],
  "distortion_coefficients": [
    -0.02352961924846035,
    2.2820085869452775,
    0.0023637827904673435,
    0.011826757790615181,
    -12.188432224667535
  ],
  "model": "opencv_aruco_charuco"
}